taxonID	property	value	remarks
258	CITES	Appendix I	
278	CITES	Appendix I	Appendix I:All species and populations except NA, SZ and ZA populations of Ceratotherium simum simum
388	CITES	Appendix I	
390	CITES	Appendix I	
415	CITES	Appendix I	
458	CITES	Appendix I	
484	CITES	Appendix I	
531	CITES	Appendix I	
535	CITES	Appendix I	
557	CITES	Appendix I	
568	CITES	Appendix I	Appendix I:Except Tapirus terrestris.
795	CITES	Appendix I	
814	CITES	Appendix I	
865	CITES	Appendix I	
875	CITES	Appendix I	
887	CITES	Appendix I	
903	CITES	Appendix I	
923	CITES	Appendix I	Appendix I:Formerly included in Balaena spp.
944	CITES	Appendix I	
970	CITES	Appendix I	
997	CITES	Appendix I	
1005	CITES	Appendix I	
1020	CITES	Appendix I	
1037	CITES	Appendix I	
1056	CITES	Appendix I	
1099	CITES	Appendix I	
1136	CITES	Appendix I	
1171	CITES	Appendix I	
1189	CITES	Appendix I	
1286	CITES	Appendix I	
1326	CITES	Appendix I	
1337	CITES	Appendix I	
1343	CITES	Appendix I	Appendix I:Except Tapirus terrestris.
1361	CITES	Appendix I	Appendix I:Formerly included in Nectophrynoides spp.
1365	CITES	Appendix I	
1371	CITES	Appendix I	
1438	CITES	Appendix I	Appendix I:Formerly included in Nectophrynoides spp.
1446	CITES	Appendix I	
1491	CITES	Appendix I	
1511	CITES	Appendix I	
1538	CITES	Appendix I	Appendix I:All species and populations except NA, SZ and ZA populations of Ceratotherium simum simum
1558	CITES	Appendix I	Appendix I:Populations of AF, BT, IN, MM, NP, PK Appendix II:All populations except those included in Appendix I
1562	CITES	Appendix I	
1585	CITES	Appendix I	Appendix I:All species and populations except NA, SZ and ZA populations of Ceratotherium simum simum
1708	CITES	Appendix I	Appendix I:Except the populations of Loxodonta africana of Botswana, Namibia, South Africa and Zimbabwe, which are included in Appendix II subject to annotation A11.
1718	CITES	Appendix I	
1730	CITES	Appendix I	
1747	CITES	Appendix I	
1776	CITES	Appendix I	
1836	CITES	Appendix I	
1900	CITES	Appendix I	Appendix I:All species and populations except NA, SZ and ZA populations of Ceratotherium simum simum
1938	CITES	Appendix I	
1942	CITES	Appendix I	Appendix I:Specimens of the domesticated form are not subject to the provisions of the Convention.
1956	CITES	Appendix I	
1973	CITES	Appendix I	
2002	CITES	Appendix I	
2007	CITES	Appendix I	
2047	CITES	Appendix I	
2063	CITES	Appendix I	
2110	CITES	Appendix I	
2239	CITES	Appendix I	
2321	CITES	Appendix I	
2326	CITES	Appendix I	
2499	CITES	Appendix I	
2522	CITES	Appendix I	
2530	CITES	Appendix I	
2545	CITES	Appendix I	
2546	CITES	Appendix I	Appendix I:All species and populations except NA, SZ and ZA populations of Ceratotherium simum simum
2611	CITES	Appendix I	
2683	CITES	Appendix I	
2686	CITES	Appendix I	
2716	CITES	Appendix I	
3052	CITES	Appendix I	
3057	CITES	Appendix I	
3080	CITES	Appendix I	
3167	CITES	Appendix I	
3194	CITES	Appendix I	Appendix I:Formerly included in Nectophrynoides spp.
3198	CITES	Appendix I	Appendix I:Formerly included in Pteropus mariannus.
3217	CITES	Appendix I	
3223	CITES	Appendix I	
3226	CITES	Appendix I	Appendix I:Includes generic synonym Proptera.
3239	CITES	Appendix I	Appendix I:Formerly included in Aspideretes spp.
3253	CITES	Appendix I	Appendix I:Includes Anas aucklandica nesiotis
3255	CITES	Appendix I	Appendix I:Excludes the domesticated form, which is referenced as Equus asinus, and is not subject to the provisions of the Convention.
3283	CITES	Appendix I	
3317	CITES	Appendix I	
3348	CITES	Appendix I	Appendix I:Formerly included in Lutra lutra.
3364	CITES	Appendix I	
3370	CITES	Appendix I	
3372	CITES	Appendix I	
3388	CITES	Appendix I	
3399	CITES	Appendix I	
3404	CITES	Appendix I	Appendix I:Included in Pygathrix spp.
3436	CITES	Appendix I	Appendix I:All populations except those included in Appendix II. Appendix II:Parts of populations of AR and CL, and the populations of BO, PE and EC. All other populations are included in Appendix I.
3446	CITES	Appendix I	
3450	CITES	Appendix I	Appendix I:Except P. p. pennata
3456	CITES	Appendix I	
3464	CITES	Appendix I	
3475	CITES	Appendix I	
3510	CITES	Appendix I	
3511	CITES	Appendix I	
3515	CITES	Appendix I	Appendix I:All populations.
3541	CITES	Appendix I	Appendix I:Formerly listed under synonym Presbytis entellus.
3548	CITES	Appendix I	
3570	CITES	Appendix I	
3587	CITES	Appendix I	
3598	CITES	Appendix I	
3605	CITES	Appendix I	
3625	CITES	Appendix I	
3627	CITES	Appendix I	Appendix I:Formerly included in Pteropus mariannus.
3637	CITES	Appendix I	
3712	CITES	Appendix I	
3721	CITES	Appendix I	
3735	CITES	Appendix I	
3763	CITES	Appendix I	
3767	CITES	Appendix I	
3780	CITES	Appendix I	Appendix I:Included in Capra falconeri. Originally listed as Capra falconeri jerdoni Appendix I:All subspecies. Appendix I:Included in Capra falconeri. Originally listed as Capra falconeri chialtanensis
3792	CITES	Appendix I	
3838	CITES	Appendix I	
3851	CITES	Appendix I	
3881	CITES	Appendix I	
3913	CITES	Appendix I	Appendix I:Formerly included in Gorilla gorilla.
3922	CITES	Appendix I	
3929	CITES	Appendix I	
3939	CITES	Appendix I	
3950	CITES	Appendix I	
3957	CITES	Appendix I	Appendix I:Included in Hyperoodon spp.
3972	CITES	Appendix I	
3975	CITES	Appendix I	Appendix I:All stocks.
3982	CITES	Appendix I	
4000	CITES	Appendix I	
4006	CITES	Appendix I	
4019	CITES	Appendix I	
4040	CITES	Appendix I	Appendix I:Includes Pteropus phaeocephalus.
4052	CITES	Appendix I	Appendix I:Except Tapirus terrestris.
4060	CITES	Appendix I	
4061	CITES	Appendix I	
4062	CITES	Appendix I	
4085	CITES	Appendix I	
4086	CITES	Appendix I	
4096	CITES	Appendix I	
4118	CITES	Appendix I	Appendix I:Included in Nycticebus spp.
4135	CITES	Appendix I	
4142	CITES	Appendix I	
4154	CITES	Appendix I	
4156	CITES	Appendix I	
4174	CITES	Appendix I	
4179	CITES	Appendix I	
4183	CITES	Appendix I	
4190	CITES	Appendix I	
4194	CITES	Appendix I	
4199	CITES	Appendix I	Appendix I:Includes E. c. cornutus and E. c. uvaensis
4236	CITES	Appendix I	Appendix I: Originally listed as Python molurus molurus, which elevated to Python molurus in 2023, following taxonomic changes adopted at CoP19.
4243	CITES	Appendix I	
4246	CITES	Appendix I	
4247	CITES	Appendix I	
4267	CITES	Appendix I	
4273	CITES	Appendix I	Appendix I:Formerly included in Saguinus bicolor.
4299	CITES	Appendix I	
4303	CITES	Appendix I	Appendix I:Included in Nycticebus spp.
4306	CITES	Appendix I	
4329	CITES	Appendix I	
4344	CITES	Appendix I	
4349	CITES	Appendix I	Appendix I:Formerly listed under synonym Presbytis entellus.
4355	CITES	Appendix I	
4373	CITES	Appendix I	
4390	CITES	Appendix I	
4391	CITES	Appendix I	
4392	CITES	Appendix I	
4404	CITES	Appendix I	
4416	CITES	Appendix I	
4425	CITES	Appendix I	
4427	CITES	Appendix I	Appendix I: Includes Leopardus wiedii nicaraguae and Leopardus wiedii salvinia, which were adopted as synonyms of Leopardus wiedii at CoP18 in 2019.
4430	CITES	Appendix I	
4434	CITES	Appendix I	
4442	CITES	Appendix I	Appendix I:Populations of BT, IN, NP, PK. Excludes the domesticated form and the dingo which are referenced as Canis lupus familiaris and Canis lupus dingo. Appendix II:All populations except those included in Appendix I. Excludes the domesticated form and the dingo which are referenced as Canis lupus familiaris and Canis lupus dingo.
4455	CITES	Appendix I	
4464	CITES	Appendix I	
4494	CITES	Appendix I	
4515	CITES	Appendix I	
4520	CITES	Appendix I	
4521	CITES	Appendix I	Appendix I: Appendix II:Populations of Botswana, Namibia, South Africa and Zimbabwe are included in Appendix II subject to annotation A11 (see full note); all other populations are included in Appendix I
4533	CITES	Appendix I	
4547	CITES	Appendix I	
4548	CITES	Appendix I	
4552	CITES	Appendix I	
4564	CITES	Appendix I	
4586	CITES	Appendix I	
4590	CITES	Appendix I	Appendix I:Formerly listed under synonym Bufo periglenes.
4599	CITES	Appendix I	
4605	CITES	Appendix I	
4609	CITES	Appendix I	
4614	CITES	Appendix I	Appendix I:Listing adopted at CoP19 in November 2022 with entry into effect delayed by 12 months.
4626	CITES	Appendix I	
4634	CITES	Appendix I	
4643	CITES	Appendix I	
4645	CITES	Appendix I	Appendix I:Only the population of Asia. Appendix II:Except Asian population
4647	CITES	Appendix I	
4650	CITES	Appendix I	
4667	CITES	Appendix I	
4687	CITES	Appendix I	
4697	CITES	Appendix I	
4740	CITES	Appendix I	
4741	CITES	Appendix I	
4754	CITES	Appendix I	
4768	CITES	Appendix I	
4788	CITES	Appendix I	
4814	CITES	Appendix I	Appendix I: Ovis vignei was lumped into Ovis aries in 2017, following taxonomic changes adopted at CoP17.Formerly listed as Ovis aries vignei, which became a synonym of Ovis vignei in 2019, following taxonomic changes adopted at CoP18.
4824	CITES	Appendix I	
4833	CITES	Appendix I	
4844	CITES	Appendix I	Appendix I:Formerly listed under synonym Presbytis entellus.
4881	CITES	Appendix I	
4889	CITES	Appendix I	
4962	CITES	Appendix I	
4964	CITES	Appendix I	
4979	CITES	Appendix I	Appendix I:Included in Hyperoodon spp.
4989	CITES	Appendix I	Appendix I:Formerly included in Balaena spp.
4996	CITES	Appendix I	
4999	CITES	Appendix I	
5002	CITES	Appendix I	Appendix I:Included in Anodorhynchus spp.
5003	CITES	Appendix I	
5004	CITES	Appendix I	Appendix I:Included in Cheloniidae spp.
5034	CITES	Appendix I	
5056	CITES	Appendix I	
5062	CITES	Appendix I	Appendix I:Only the population of MX; no other population is included in the Appendices.
5077	CITES	Appendix I	
5080	CITES	Appendix I	
5089	CITES	Appendix I	
5093	CITES	Appendix I	Appendix I:Included in Pygathrix spp.
5098	CITES	Appendix I	
5103	CITES	Appendix I	Appendix I:All species and populations except NA, SZ and ZA populations of Ceratotherium simum simum
5126	CITES	Appendix I	
5138	CITES	Appendix I	
5141	CITES	Appendix I	
5152	CITES	Appendix I	
5156	CITES	Appendix I	
5186	CITES	Appendix I	
5189	CITES	Appendix I	Appendix I:Formerly included in Batagur baska
5225	CITES	Appendix I	
5226	CITES	Appendix I	
5227	CITES	Appendix I	
5245	CITES	Appendix I	
5248	CITES	Appendix I	
5306	CITES	Appendix I	Appendix I:All populations.
5328	CITES	Appendix I	
5335	CITES	Appendix I	
5340	CITES	Appendix I	
5369	CITES	Appendix I	
5373	CITES	Appendix I	
5390	CITES	Appendix I	Appendix I:Except populations of AR and BR. Appendix II:Populations of AR and BR; included in CROCODYLIA spp. Population of BR subject to a zero annual export quota for wild specimens traded for commercial purposes
5399	CITES	Appendix I	
5408	CITES	Appendix I	Appendix I:Includes R. nigrescens
5411	CITES	Appendix I	
5454	CITES	Appendix I	
5490	CITES	Appendix I	
5511	CITES	Appendix I	
5515	CITES	Appendix I	
5526	CITES	Appendix I	
5527	CITES	Appendix I	Appendix I:All subspecies.
5553	CITES	Appendix I	Appendix I:All species and populations except NA, SZ and ZA populations of Ceratotherium simum simum
5570	CITES	Appendix I	
5578	CITES	Appendix I	
5579	CITES	Appendix I	Appendix I:Included in Anodorhynchus spp.
5628	CITES	Appendix I	
5652	CITES	Appendix I	
5663	CITES	Appendix I	
5668	CITES	Appendix I	
5690	CITES	Appendix I	
5716	CITES	Appendix I	
5739	CITES	Appendix I	
5740	CITES	Appendix I	Appendix I:Included in Bettongia spp.
5748	CITES	Appendix I	
5749	CITES	Appendix I	Appendix I:Included in Lemuridae spp.
5769	CITES	Appendix I	
5777	CITES	Appendix I	
5781	CITES	Appendix I	Appendix I:Formerly included in Pteropus mariannus.
5784	CITES	Appendix I	Appendix I:Included in Rhynchopsitta spp.
5852	CITES	Appendix I	
5854	CITES	Appendix I	
5859	CITES	Appendix I	
5863	CITES	Appendix I	
5869	CITES	Appendix I	
5871	CITES	Appendix I	Appendix I:All species and populations except NA, SZ and ZA populations of Ceratotherium simum simum
5874	CITES	Appendix I	Appendix I:Specimens of the domesticated form are not subject to the provisions of the Convention.
5882	CITES	Appendix I	Appendix I:Formerly included in Brachyteles arachnoides.
5888	CITES	Appendix I	
5895	CITES	Appendix I	
5919	CITES	Appendix I	
5931	CITES	Appendix I	
5936	CITES	Appendix I	Appendix I: Alouatta coibensis was lumped into Alouatta palliata in 2023, following taxonomic changes adopted at CoP19.
5983	CITES	Appendix I	Appendix I:Includes Lasiorhinus barnardi.
6009	CITES	Appendix I	
6015	CITES	Appendix I	Appendix I:Specimens of the domesticated form are not subject to the provisions of the Convention.
6047	CITES	Appendix I	Appendix I:All subspecies. Panthera tigris altaica was lumped into Panthera tigris in 2019, following taxonomic changes adopted at CoP18.
6057	CITES	Appendix I	
6060	CITES	Appendix I	
6067	CITES	Appendix I	
6085	CITES	Appendix I	
6101	CITES	Appendix I	
6115	CITES	Appendix I	Appendix I:Formerly included in Aspideretes spp.
6133	CITES	Appendix I	
6140	CITES	Appendix I	
6141	CITES	Appendix I	
6142	CITES	Appendix I	
6211	CITES	Appendix I	
6214	CITES	Appendix I	
6216	CITES	Appendix I	
6231	CITES	Appendix I	
6244	CITES	Appendix I	Appendix I:All subspecies.
6250	CITES	Appendix I	
6257	CITES	Appendix I	
6280	CITES	Appendix I	
6330	CITES	Appendix I	Appendix I:Only the populations of Costa Rica and Panama; all other populations are included in Appendix II Appendix II:Included in Felidae spp. except the populations of Costa Rica and Panama, which are included in Appendix I. Specimens of the domesticated form are not subject to the provisions of the Convention.
6337	CITES	Appendix I	
6338	CITES	Appendix I	
6341	CITES	Appendix I	
6349	CITES	Appendix I	
6352	CITES	Appendix I	
6353	CITES	Appendix I	Appendix I:Only the populations of India; all other populations are included in Appendix II. Appendix II:Included in Felidae spp. except the population of India, which is included in Appendix I.
6355	CITES	Appendix I	
6368	CITES	Appendix I	
6385	CITES	Appendix I	
6417	CITES	Appendix I	Appendix I: Pristis microdon, which was lumped into Pristis pristis in 2026 following taxonomic changes adopted at CoP20, was included in the Appendix I Family Pristidae listing from 12/06/2013; Pristis pristis was included in the Appendix I Family Pristidae listing from 13/09/2007.
6426	CITES	Appendix I	
6436	CITES	Appendix I	Appendix I:Except the population of the Integrated Management District of Mangroves of the Bay of Cispata, Tinajones, La Balsa and Surrounding Areas, Department of Córdoba, Colombia, and the population of Cuba, which are included in Appendix II; and the population of Mexico, which is included in Appendix II and is subject to a zero export quota for wild specimens for commercial purposes Appendix II:Population of the Integrated Management District of Mangroves of the Bay of Cispata, Tinajones, La Balsa and Surrounding Areas, Department of Córdoba, Colombia, and the population of Cuba; and the population of Mexico, which is subject to a zero export quota for wild specimens for commercial purposes
6473	CITES	Appendix I	
6477	CITES	Appendix I	Appendix I:Formerly included in Balaenoptera acutorostrata.
6482	CITES	Appendix I	
6506	CITES	Appendix I	Appendix I:Formerly included in Varanus bengalensis.
6560	CITES	Appendix I	
6568	CITES	Appendix I	
6600	CITES	Appendix I	
6617	CITES	Appendix I	
6620	CITES	Appendix I	
6623	CITES	Appendix I	
6656	CITES	Appendix I	Appendix I:All species and populations except NA, SZ and ZA populations of Ceratotherium simum simum
6659	CITES	Appendix I	Appendix I:Formerly included in Balaena spp.
6692	CITES	Appendix I	Appendix I:Included in Pan spp.
6693	CITES	Appendix I	
6694	CITES	Appendix I	
6701	CITES	Appendix I	
6708	CITES	Appendix I	
6709	CITES	Appendix I	Appendix I:Included in Bettongia spp.
6713	CITES	Appendix I	
6723	CITES	Appendix I	
6741	CITES	Appendix I	
6743	CITES	Appendix I	
6755	CITES	Appendix I	
6768	CITES	Appendix I	Appendix I:Often traded under the incorrect designation Ara caninde.
6771	CITES	Appendix I	
6777	CITES	Appendix I	
6780	CITES	Appendix I	
6787	CITES	Appendix I	
6788	CITES	Appendix I	
6826	CITES	Appendix I	
6844	CITES	Appendix I	
6861	CITES	Appendix I	
6868	CITES	Appendix I	
6873	CITES	Appendix I	
6885	CITES	Appendix I	
6902	CITES	Appendix I	
6923	CITES	Appendix I	
6926	CITES	Appendix I	Appendix I:Population of Europe excluding the area that formerly constituted the USSR.
6938	CITES	Appendix I	Appendix I:Included in Cheloniidae spp.
6950	CITES	Appendix I	
6972	CITES	Appendix I	
6976	CITES	Appendix I	
6992	CITES	Appendix I	Appendix I:Formerly included in Babyrousa babyrussa.
6998	CITES	Appendix I	
7010	CITES	Appendix I	Appendix I:Included in Platanista spp.
7015	CITES	Appendix I	
7041	CITES	Appendix I	
7061	CITES	Appendix I	
7062	CITES	Appendix I	
7079	CITES	Appendix I	
7090	CITES	Appendix I	
7106	CITES	Appendix I	Appendix I:Formerly listed as P. pygmaeus pygmaeus and P. p. abeilii
7109	CITES	Appendix I	
7116	CITES	Appendix I	
7119	CITES	Appendix I	
7159	CITES	Appendix I	
7171	CITES	Appendix I	
7181	CITES	Appendix I	
7185	CITES	Appendix I	
7187	CITES	Appendix I	
7200	CITES	Appendix I	
7223	CITES	Appendix I	Appendix I:Except Tapirus terrestris.
7226	CITES	Appendix I	Appendix I:Formerly included in Babyrousa babyrussa.
7227	CITES	Appendix I	
7239	CITES	Appendix I	Appendix I:Formerly listed as P. m. costaricensis and P. m. mocinno
7256	CITES	Appendix I	
7257	CITES	Appendix I	Appendix I:Included in Cheloniidae spp.
7259	CITES	Appendix I	
7273	CITES	Appendix I	
7278	CITES	Appendix I	
7286	CITES	Appendix I	
7296	CITES	Appendix I	Appendix I:All populations.
7308	CITES	Appendix I	
7342	CITES	Appendix I	
7349	CITES	Appendix I	
7352	CITES	Appendix I	
7364	CITES	Appendix I	
7368	CITES	Appendix I	
7378	CITES	Appendix I	
7380	CITES	Appendix I	
7381	CITES	Appendix I	
7401	CITES	Appendix I	
7409	CITES	Appendix I	
7411	CITES	Appendix I	
7424	CITES	Appendix I	
7439	CITES	Appendix I	
7442	CITES	Appendix I	
7454	CITES	Appendix I	
7466	CITES	Appendix I	
7468	CITES	Appendix I	
7471	CITES	Appendix I	Appendix I:Specimens of the domesticated form are not subject to the provisions of the Convention.
7494	CITES	Appendix I	
7498	CITES	Appendix I	
7516	CITES	Appendix I	Appendix I: Formerly listed as Nasalis concolor
7520	CITES	Appendix I	
7530	CITES	Appendix I	
7558	CITES	Appendix I	
7560	CITES	Appendix I	
7567	CITES	Appendix I	
7583	CITES	Appendix I	
7602	CITES	Appendix I	
7610	CITES	Appendix I	
7638	CITES	Appendix I	
7641	CITES	Appendix I	
7642	CITES	Appendix I	
7671	CITES	Appendix I	
7674	CITES	Appendix I	Appendix I:Formerly included in Aspideretes spp.
7708	CITES	Appendix I	
7742	CITES	Appendix I	
7743	CITES	Appendix I	
7747	CITES	Appendix I	Appendix I:All populations except those included in Appendix II. Appendix II:Only the population of BZ, with a zero quota for wild specimens traded for commercial purposes, and the population of MX.
7758	CITES	Appendix I	
7782	CITES	Appendix I	
7791	CITES	Appendix I	
7817	CITES	Appendix I	
7821	CITES	Appendix I	Appendix I:All populations.
7834	CITES	Appendix I	
7836	CITES	Appendix I	
7837	CITES	Appendix I	
7840	CITES	Appendix I	Appendix I:Included in Berardius spp.
7893	CITES	Appendix I	
7895	CITES	Appendix I	Appendix I:Formerly listed under synonym Presbytis entellus.
7896	CITES	Appendix I	
7900	CITES	Appendix I	Appendix I:Formerly included in Nectophrynoides spp.
7903	CITES	Appendix I	Appendix I:Formerly included in Balaena spp.
7921	CITES	Appendix I	
7938	CITES	Appendix I	Appendix I:Formerly included in Pteropus mariannus.
7939	CITES	Appendix I	
7979	CITES	Appendix I	
8019	CITES	Appendix I	Appendix I:Formerly listed under synonym Kachuga tecta tecta
8035	CITES	Appendix I	
8051	CITES	Appendix I	
8117	CITES	Appendix I	
8124	CITES	Appendix I	
8127	CITES	Appendix I	
8151	CITES	Appendix I	
8157	CITES	Appendix I	
8159	CITES	Appendix I	
8203	CITES	Appendix I	Appendix I:Formerly included in Pongo pygmaeus.
8205	CITES	Appendix I	
8211	CITES	Appendix I	
8223	CITES	Appendix I	
8236	CITES	Appendix I	
8271	CITES	Appendix I	
8274	CITES	Appendix I	
8276	CITES	Appendix I	
8288	CITES	Appendix I	Appendix I:Except stock of west Greenland. Appendix II:Population of West Greenland.
8306	CITES	Appendix I	
8323	CITES	Appendix I	
8325	CITES	Appendix I	
8333	CITES	Appendix I	Appendix I:Included in Pan spp.
8334	CITES	Appendix I	
8352	CITES	Appendix I	Appendix I:Included in Pygathrix spp.
8373	CITES	Appendix I	
8374	CITES	Appendix I	
8391	CITES	Appendix I	
8437	CITES	Appendix I	
8463	CITES	Appendix I	
8470	CITES	Appendix I	
8488	CITES	Appendix I	
8543	CITES	Appendix I	
8560	CITES	Appendix I	Appendix I:All populations except those included in Appendix II. Appendix II:Population of AU, ID, MY, PG, PH.
8571	CITES	Appendix I	Appendix I:Formerly included in Nectophrynoides spp.
8573	CITES	Appendix I	
8576	CITES	Appendix I	
8584	CITES	Appendix I	
8607	CITES	Appendix I	
8608	CITES	Appendix I	
8619	CITES	Appendix I	
8624	CITES	Appendix I	
8628	CITES	Appendix I	
8646	CITES	Appendix I	
8684	CITES	Appendix I	
8689	CITES	Appendix I	Appendix I:Populations of AF, BT, IN, MM, NP, PK
8697	CITES	Appendix I	
8700	CITES	Appendix I	
8703	CITES	Appendix I	Appendix I:Formerly included in Babyrousa babyrussa.
8708	CITES	Appendix I	Appendix I:Included in Rhynchopsitta spp.
8710	CITES	Appendix I	
8720	CITES	Appendix I	
8725	CITES	Appendix I	
8751	CITES	Appendix I	
8754	CITES	Appendix I	
8775	CITES	Appendix I	Appendix I:Specimens of the domesticated form are not subject to the provisions of the Convention.
8790	CITES	Appendix I	Appendix I:Populations of BF, CF, CM, DZ, MA, ML, MR, NE, NG, SD, SN, TD.
8791	CITES	Appendix I	
8794	CITES	Appendix I	
8796	CITES	Appendix I	Appendix I:Included in Nycticebus spp.
8803	CITES	Appendix I	
8804	CITES	Appendix I	
8815	CITES	Appendix I	
8818	CITES	Appendix I	
8822	CITES	Appendix I	
8824	CITES	Appendix I	
8832	CITES	Appendix I	
8836	CITES	Appendix I	
8874	CITES	Appendix I	
8879	CITES	Appendix I	
8898	CITES	Appendix I	Appendix I:Included in Sphenodon spp.
8918	CITES	Appendix I	
8927	CITES	Appendix I	
8931	CITES	Appendix I	
8933	CITES	Appendix I	
8935	CITES	Appendix I	Appendix I:Annual export quotas for live specimens and hunting trophies are granted as follows: BW (5), NA (150), ZW (50). The trade in such specimens is subject to the provisions of Article III of the Convention.
8941	CITES	Appendix I	
8955	CITES	Appendix I	
8961	CITES	Appendix I	
8965	CITES	Appendix I	
8966	CITES	Appendix I	
8972	CITES	Appendix I	
8978	CITES	Appendix I	
8985	CITES	Appendix I	
8986	CITES	Appendix I	Appendix I:Included in Anodorhynchus spp.
8992	CITES	Appendix I	
9020	CITES	Appendix I	
9034	CITES	Appendix I	
9048	CITES	Appendix I	Appendix I:Included in Berardius spp.
9052	CITES	Appendix I	Appendix I:Possibly extinct
9073	CITES	Appendix I	
9079	CITES	Appendix I	Appendix I:Formerly listed under synonym Cairina scutulata
9080	CITES	Appendix I	
9144	CITES	Appendix I	
9147	CITES	Appendix I	
9151	CITES	Appendix I	Appendix I:Population of IN. Appendix II:Except the population of IN.
9169	CITES	Appendix I	
9206	CITES	Appendix I	
9222	CITES	Appendix I	
9271	CITES	Appendix I	Appendix I:Populations of AF, BT, IN, MM, NP, PK Appendix II:All populations except those included in Appendix I
9277	CITES	Appendix I	
9301	CITES	Appendix I	
9311	CITES	Appendix I	
9314	CITES	Appendix I	
9326	CITES	Appendix I	
9374	CITES	Appendix I	
9378	CITES	Appendix I	
9382	CITES	Appendix I	
9392	CITES	Appendix I	
9406	CITES	Appendix I	
9426	CITES	Appendix I	
9436	CITES	Appendix I	
9441	CITES	Appendix I	Appendix I:Population of SC. Appendix II:Included in FALCONIFORMES spp.; all populations except those included in Appendix I.
9445	CITES	Appendix I	Appendix I:All stocks.
9454	CITES	Appendix I	
9477	CITES	Appendix I	
9478	CITES	Appendix I	
9479	CITES	Appendix I	
9492	CITES	Appendix I	
9500	CITES	Appendix I	
9506	CITES	Appendix I	Appendix I:Includes Acerodon lucifer (possibly extinct)
9520	CITES	Appendix I	
9524	CITES	Appendix I	
9538	CITES	Appendix I	
9547	CITES	Appendix I	
9554	CITES	Appendix I	
9556	CITES	Appendix I	
9571	CITES	Appendix I	
9575	CITES	Appendix I	
9577	CITES	Appendix I	
9599	CITES	Appendix I	
9609	CITES	Appendix I	
9611	CITES	Appendix I	
9618	CITES	Appendix I	
9644	CITES	Appendix I	
9670	CITES	Appendix I	Appendix I:Formerly listed under synonym Presbytis entellus.
9694	CITES	Appendix I	Appendix I:Populations of AF, BT, IN, MM, NP, PK Appendix II:All populations except those included in Appendix I
9710	CITES	Appendix I	
9727	CITES	Appendix I	
9752	CITES	Appendix I	
9799	CITES	Appendix I	
9803	CITES	Appendix I	
9805	CITES	Appendix I	
9807	CITES	Appendix I	
9829	CITES	Appendix I	Appendix I:Popns of BT, CN, MN, MX. Appendix II:Included in Ursidae spp.
9833	CITES	Appendix I	
9843	CITES	Appendix I	
9849	CITES	Appendix I	
9850	CITES	Appendix I	
9862	CITES	Appendix I	Appendix I:Included in Latimeria spp.
9871	CITES	Appendix I	
9902	CITES	Appendix I	
9909	CITES	Appendix I	
9919	CITES	Appendix I	
9941	CITES	Appendix I	
9986	CITES	Appendix I	
10002	CITES	Appendix I	
10005	CITES	Appendix I	
10032	CITES	Appendix I	
10039	CITES	Appendix I	
10054	CITES	Appendix I	
10071	CITES	Appendix I	
10076	CITES	Appendix I	
10078	CITES	Appendix I	
10095	CITES	Appendix I	Appendix I:Except Tapirus terrestris.
10096	CITES	Appendix I	
10099	CITES	Appendix I	
10120	CITES	Appendix I	
10149	CITES	Appendix I	
10155	CITES	Appendix I	
10177	CITES	Appendix I	
10199	CITES	Appendix I	
10210	CITES	Appendix I	
10221	CITES	Appendix I	Appendix I:Formerly included in Trachypithecus pileatus.
10248	CITES	Appendix I	
10255	CITES	Appendix I	Appendix I:All species and populations except NA, SZ and ZA populations of Ceratotherium simum simum
10264	CITES	Appendix I	Appendix I:Formerly listed under synonym Presbytis entellus.
10291	CITES	Appendix I	
10320	CITES	Appendix I	
10323	CITES	Appendix I	Appendix I:Populations of AF, BT, IN, MM, NP, PK
10330	CITES	Appendix I	
10380	CITES	Appendix I	
10395	CITES	Appendix I	
10403	CITES	Appendix I	
10414	CITES	Appendix I	
10415	CITES	Appendix I	
10430	CITES	Appendix I	
10431	CITES	Appendix I	
10438	CITES	Appendix I	
10443	CITES	Appendix I	
10456	CITES	Appendix I	
10469	CITES	Appendix I	
10484	CITES	Appendix I	Appendix I:Possibly extinct/Formerly included in Geopsittacus occidentalis.
10496	CITES	Appendix I	
10504	CITES	Appendix I	
10519	CITES	Appendix I	
10586	CITES	Appendix I	
10594	CITES	Appendix I	
10612	CITES	Appendix I	
10615	CITES	Appendix I	
10624	CITES	Appendix I	
10628	CITES	Appendix I	
10629	CITES	Appendix I	
10636	CITES	Appendix I	
10682	CITES	Appendix I	
10686	CITES	Appendix I	Appendix I:Included in Bettongia spp.
10702	CITES	Appendix I	
10717	CITES	Appendix I	
10731	CITES	Appendix I	
10745	CITES	Appendix I	Appendix I:All populations except those included in Appendix II. Appendix II:Population of: BW, EG (with a zero quota for wild specimenstraded for commercial purposes) ET, KE, MG, MW, MZ, NA, TZ(subject to an annual export quota of no more than 1,600 wildspecimens including hunting trophies, in addition to ranched specimens), UG, ZA, ZM, ZW.
10761	CITES	Appendix I	
10794	CITES	Appendix I	
10804	CITES	Appendix I	
10810	CITES	Appendix I	
10836	CITES	Appendix I	Appendix I:Included in Cheloniidae spp.
10844	CITES	Appendix I	
10857	CITES	Appendix I	
10905	CITES	Appendix I	
10915	CITES	Appendix I	
10923	CITES	Appendix I	
10928	CITES	Appendix I	
10941	CITES	Appendix I	
10946	CITES	Appendix I	
10947	CITES	Appendix I	
10958	CITES	Appendix I	
10969	CITES	Appendix I	
10978	CITES	Appendix I	Appendix I:All populations except those included in Appendix II. Appendix II:Population of BR and population of EC.
10988	CITES	Appendix I	
11005	CITES	Appendix I	
11020	CITES	Appendix I	Appendix I:Formerly included in Balaena spp.
11033	CITES	Appendix I	
11059	CITES	Appendix I	
11071	CITES	Appendix I	Appendix I:All populations now on Appendix I with Cheloniidae spp.
11078	CITES	Appendix I	
11082	CITES	Appendix I	Appendix I:Formerly listed under synonym Presbytis entellus.
11089	CITES	Appendix I	
11136	CITES	Appendix I	
11137	CITES	Appendix I	
11141	CITES	Appendix I	
11162	CITES	Appendix I	
11180	CITES	Appendix I	
11194	CITES	Appendix I	
11205	CITES	Appendix I	
11206	CITES	Appendix I	
11207	CITES	Appendix I	
11211	CITES	Appendix I	
11218	CITES	Appendix I	
11269	CITES	Appendix I	
11271	CITES	Appendix I	
12198	CITES	Appendix I	
12206	CITES	Appendix I	
12212	CITES	Appendix I	
12214	CITES	Appendix I	
12218	CITES	Appendix I	
12219	CITES	Appendix I	Appendix I:Populations of CM, NG.
12225	CITES	Appendix I	
12226	CITES	Appendix I	
12227	CITES	Appendix I	
12231	CITES	Appendix I	
12232	CITES	Appendix I	
12244	CITES	Appendix I	
12251	CITES	Appendix I	
12256	CITES	Appendix I	
12271	CITES	Appendix I	Appendix I:Populations of BD, IN, TH. Appendix II:All populations except those of BD, IN, TH.
12273	CITES	Appendix I	
12279	CITES	Appendix I	
12286	CITES	Appendix I	
12292	CITES	Appendix I	
12296	CITES	Appendix I	Appendix I: Appendix II:Only the populations of Eswatini, Namibia and South Africa; all other populations are included in Appendix I. Populations of Eswatini and South Africa: for the exclusive purpose of allowing international trade in live animals to appropriate and acceptable destinations and hunting trophies. Population of Namibia: for the exclusive purpose of allowing international trade in live animals for in-situ conservation only, and only within the natural and historical range of Ceratotherium simum in Africa. All other specimens shall be deemed to be specimens of species included in Appendix I and the trade in them shall be regulated accordingly.
12301	CITES	Appendix I	
12317	CITES	Appendix I	
12330	CITES	Appendix I	
12335	CITES	Appendix I	
12629	CITES	Appendix I	
12843	CITES	Appendix I	
12877	CITES	Appendix I	Appendix I:Seedling or tissue cultures obtained in vitro and transported in sterile containers are not subject to the provisions of the Convention only if the specimens meet the definition of ‘artificially propagated’ agreed by the CoP.
12962	CITES	Appendix I	Appendix I:Seedling or tissue cultures obtained in vitro and transported in sterile containers are not subject to the provisions of the Convention only if the specimens meet the definition of "artificially propagated" agreed by the Conference of the Parties.
13006	CITES	Appendix I	
13064	CITES	Appendix I	
13121	CITES	Appendix I	
13147	CITES	Appendix I	
13183	CITES	Appendix I	Appendix I:Includes generic synonyms Gymnocactus, Normanbokea & Rapicactus, & some species formerly listed in Neolloydia
13629	CITES	Appendix I	Appendix I:Includes generic synonyms Neogomesia & Roseocactus
13762	CITES	Appendix I	
13824	CITES	Appendix I	Appendix I:Seedling or tissue cultures obtained in vitro and transported in sterile containers are not subject to the provisions of the Convention only if the specimens meet the definition of "artificially propagated" agreed by the Conference of the Parties.
13860	CITES	Appendix I	
14050	CITES	Appendix I	Appendix I:Seedling or tissue cultures obtained in vitro and transported in sterile containers are not subject to the provisions of the Convention only if the specimens meet the definition of "artificially propagated" agreed by the Conference of the Parties.
14136	CITES	Appendix I	
14166	CITES	Appendix I	Appendix I:Seedling or tissue cultures obtained in vitro and transported in sterile containers are not subject to the provisions of the Convention only if the specimens meet the definition of "artificially propagated" agreed by the Conference of the Parties.
14172	CITES	Appendix I	Appendix I:Seedling or tissue cultures obtained in vitro and transported in sterile containers are not subject to the provisions of the Convention only if the specimens meet the definition of "artificially propagated" agreed by the Conference of the Parties.
14252	CITES	Appendix I	
14325	CITES	Appendix I	Appendix I:Seedling or tissue cultures obtained in vitro and transported in sterile containers are not subject to the provisions of the Convention only if the specimens meet the definition of "artificially propagated" agreed by the Conference of the Parties.
14345	CITES	Appendix I	Appendix I:Seedling or tissue cultures obtained in vitro and transported in sterile containers are not subject to the provisions of the Convention only if the specimens meet the definition of "artificially propagated" agreed by the Conference of the Parties.
14439	CITES	Appendix I	
14450	CITES	Appendix I	
14479	CITES	Appendix I	
14513	CITES	Appendix I	Appendix I:Seedling or tissue cultures obtained in vitro and transported in sterile containers are not subject to the provisions of the Convention only if the specimens meet the definition of "artificially propagated" agreed by the Conference of the Parties.
14520	CITES	Appendix I	Appendix I:Seedling or tissue cultures obtained in vitro and transported in sterile containers are not subject to the provisions of the Convention only if the specimens meet the definition of "artificially propagated" agreed by the Conference of the Parties.
14591	CITES	Appendix I	
14600	CITES	Appendix I	Appendix I:Seedling or tissue cultures obtained in vitro and transported in sterile containers are not subject to the provisions of the Convention only if the specimens meet the definition of "artificially propagated" agreed by the Conference of the Parties.
14615	CITES	Appendix I	Appendix I:Includes generic synonyms Gymnocactus, Normanbokea & Rapicactus, & some species formerly listed in Neolloydia
14624	CITES	Appendix I	Appendix I:Includes generic synonyms Neogomesia & Roseocactus
14702	CITES	Appendix I	Appendix I:Includes generic synonyms Neogomesia & Roseocactus
14735	CITES	Appendix I	
14745	CITES	Appendix I	Appendix I:Seedling or tissue cultures obtained in vitro and transported in sterile containers are not subject to the provisions of the Convention only if the specimens meet the definition of "artificially propagated" agreed by the Conference of the Parties.
14767	CITES	Appendix I	
14769	CITES	Appendix I	
14885	CITES	Appendix I	
15036	CITES	Appendix I	Appendix I:Includes generic synonyms Gymnocactus, Normanbokea & Rapicactus, & some species formerly listed in Neolloydia
15076	CITES	Appendix I	
15151	CITES	Appendix I	Appendix I:Includes generic synonyms Gymnocactus, Normanbokea & Rapicactus, & some species formerly listed in Neolloydia
15243	CITES	Appendix I	Appendix I:Seedling or tissue cultures obtained in vitro and transported in sterile containers are not subject to the provisions of the Convention only if the specimens meet the definition of "artificially propagated" agreed by the Conference of the Parties.
15262	CITES	Appendix I	Appendix I:Seedling or tissue cultures obtained in vitro and transported in sterile containers are not subject to the provisions of the Convention only if the specimens meet the definition of ‘artificially propagated’ agreed by the CoP.
15386	CITES	Appendix I	Appendix I:Seedling or tissue cultures obtained in vitro and transported in sterile containers are not subject to the provisions of the Convention only if the specimens meet the definition of "artificially propagated" agreed by the Conference of the Parties.
15387	CITES	Appendix I	
15395	CITES	Appendix I	Appendix I:Seedling or tissue cultures obtained in vitro and transported in sterile containers are not subject to the provisions of the Convention only if the specimens meet the definition of "artificially propagated" agreed by the Conference of the Parties.
15424	CITES	Appendix I	
15428	CITES	Appendix I	Appendix I:Seedling or tissue cultures obtained in vitro and transported in sterile containers are not subject to the provisions of the Convention only if the specimens meet the definition of ‘artificially propagated’ agreed by the CoP.
15492	CITES	Appendix I	
15573	CITES	Appendix I	
15632	CITES	Appendix I	
15649	CITES	Appendix I	
15654	CITES	Appendix I	
15894	CITES	Appendix I	Appendix I:Includes generic synonyms Gymnocactus, Normanbokea & Rapicactus, & some species formerly listed in Neolloydia
16025	CITES	Appendix I	
16046	CITES	Appendix I	
16115	CITES	Appendix I	
16257	CITES	Appendix I	Appendix I:Seedling or tissue cultures obtained in vitro and transported in sterile containers are not subject to the provisions of the Convention only if the specimens meet the definition of "artificially propagated" agreed by the Conference of the Parties.
16333	CITES	Appendix I	Appendix I:Seedling or tissue cultures obtained in vitro and transported in sterile containers are not subject to the provisions of the Convention only if the specimens meet the definition of "artificially propagated" agreed by the Conference of the Parties.
16337	CITES	Appendix I	
16347	CITES	Appendix I	
16354	CITES	Appendix I	Appendix I:Seedling or tissue cultures obtained in vitro and transported in sterile containers are not subject to the provisions of the Convention only if the specimens meet the definition of "artificially propagated" agreed by the Conference of the Parties.
16430	CITES	Appendix I	
16674	CITES	Appendix I	Appendix I:Seedling or tissue cultures obtained in vitro and transported in sterile containers are not subject to the provisions of the Convention only if the specimens meet the definition of "artificially propagated" agreed by the Conference of the Parties.
16716	CITES	Appendix I	Appendix I:Seedling or tissue cultures obtained in vitro and transported in sterile containers are not subject to the provisions of the Convention only if the specimens meet the definition of "artificially propagated" agreed by the Conference of the Parties.
16727	CITES	Appendix I	Appendix I:Seedling or tissue cultures obtained in vitro and transported in sterile containers are not subject to the provisions of the Convention only if the specimens meet the definition of "artificially propagated" agreed by the Conference of the Parties.
16845	CITES	Appendix I	Appendix I:Seedling or tissue cultures obtained in vitro and transported in sterile containers are not subject to the provisions of the Convention only if the specimens meet the definition of "artificially propagated" agreed by the Conference of the Parties.
16891	CITES	Appendix I	Appendix I:Seedling or tissue cultures obtained in vitro and transported in sterile containers are not subject to the provisions of the Convention only if the specimens meet the definition of "artificially propagated" agreed by the Conference of the Parties.
16975	CITES	Appendix I	Appendix I:Includes generic synonyms Gymnocactus, Normanbokea & Rapicactus, & some species formerly listed in Neolloydia
17042	CITES	Appendix I	Appendix I:Seedling or tissue cultures obtained in vitro and transported in sterile containers are not subject to the provisions of the Convention only if the specimens meet the definition of "artificially propagated" agreed by the Conference of the Parties.
17078	CITES	Appendix I	
17168	CITES	Appendix I	Appendix I:Includes generic synonyms Gymnocactus, Normanbokea & Rapicactus, & some species formerly listed in Neolloydia
17214	CITES	Appendix I	
17225	CITES	Appendix I	Appendix I:Seedling or tissue cultures obtained in vitro and transported in sterile containers are not subject to the provisions of the Convention only if the specimens meet the definition of "artificially propagated" agreed by the Conference of the Parties.
17408	CITES	Appendix I	Appendix I:Seedling or tissue cultures obtained in vitro and transported in sterile containers are not subject to the provisions of the Convention only if the specimens meet the definition of "artificially propagated" agreed by the Conference of the Parties.
17452	CITES	Appendix I	Appendix I:Seedling or tissue cultures obtained in vitro and transported in sterile containers are not subject to the provisions of the Convention only if the specimens meet the definition of "artificially propagated" agreed by the Conference of the Parties.
17547	CITES	Appendix I	
17592	CITES	Appendix I	
17594	CITES	Appendix I	
17663	CITES	Appendix I	
17704	CITES	Appendix I	
17824	CITES	Appendix I	
17930	CITES	Appendix I	
17944	CITES	Appendix I	Appendix I:Seedling or tissue cultures obtained in vitro and transported in sterile containers are not subject to the provisions of the Convention only if the specimens meet the definition of "artificially propagated" agreed by the Conference of the Parties.
18004	CITES	Appendix I	
18039	CITES	Appendix I	
18158	CITES	Appendix I	Appendix I:Seedling or tissue cultures obtained in vitro and transported in sterile containers are not subject to the provisions of the Convention only if the specimens meet the definition of "artificially propagated" agreed by the Conference of the Parties.
18189	CITES	Appendix I	Appendix I:Includes generic synonyms Neogomesia & Roseocactus
18195	CITES	Appendix I	
18270	CITES	Appendix I	
18341	CITES	Appendix I	
18383	CITES	Appendix I	
18433	CITES	Appendix I	
18492	CITES	Appendix I	
18515	CITES	Appendix I	Appendix I:Seedling or tissue cultures obtained in vitro and transported in sterile containers are not subject to the provisions of the Convention only if the specimens meet the definition of "artificially propagated" agreed by the Conference of the Parties.
18553	CITES	Appendix I	
18569	CITES	Appendix I	
18591	CITES	Appendix I	
18695	CITES	Appendix I	Appendix I:Includes generic synonyms Gymnocactus, Normanbokea & Rapicactus, & some species formerly listed in Neolloydia
18804	CITES	Appendix I	
18813	CITES	Appendix I	
18824	CITES	Appendix I	
18892	CITES	Appendix I	Appendix I:Seedling or tissue cultures obtained in vitro and transported in sterile containers are not subject to the provisions of the Convention only if the specimens meet the definition of "artificially propagated" agreed by the Conference of the Parties.
18997	CITES	Appendix I	Appendix I:Seedling or tissue cultures obtained in vitro and transported in sterile containers are not subject to the provisions of the Convention only if the specimens meet the definition of ‘artificially propagated’ agreed by the CoP.
19024	CITES	Appendix I	
19045	CITES	Appendix I	Appendix I:Seedling or tissue cultures obtained in vitro and transported in sterile containers are not subject to the provisions of the Convention only if the specimens meet the definition of "artificially propagated" agreed by the Conference of the Parties.
19055	CITES	Appendix I	Appendix I:Seedling or tissue cultures obtained in vitro and transported in sterile containers are not subject to the provisions of the Convention only if the specimens meet the definition of "artificially propagated" agreed by the Conference of the Parties.
19109	CITES	Appendix I	
19134	CITES	Appendix I	
19176	CITES	Appendix I	
19220	CITES	Appendix I	
19242	CITES	Appendix I	
19248	CITES	Appendix I	
19310	CITES	Appendix I	
19473	CITES	Appendix I	Appendix I:Seedling or tissue cultures obtained in vitro and transported in sterile containers are not subject to the provisions of the Convention only if the specimens meet the definition of "artificially propagated" agreed by the Conference of the Parties.
19507	CITES	Appendix I	Appendix I:Includes A. haworthioides var. aurantiaca
19613	CITES	Appendix I	Appendix I:Seedling or tissue cultures obtained in vitro and transported in sterile containers are not subject to the provisions of the Convention only if the specimens meet the definition of ‘artificially propagated’ agreed by the CoP.
19620	CITES	Appendix I	Appendix I:Includes generic synonyms Gymnocactus, Normanbokea & Rapicactus, & some species formerly listed in Neolloydia
19644	CITES	Appendix I	Appendix I:Seedling or tissue cultures obtained in vitro and transported in sterile containers are not subject to the provisions of the Convention only if the specimens meet the definition of "artificially propagated" agreed by the Conference of the Parties.
19801	CITES	Appendix I	Appendix I:Includes A. laeta var. maniaensis
19831	CITES	Appendix I	
19834	CITES	Appendix I	Appendix I:Seedling or tissue cultures obtained in vitro and transported in sterile containers are not subject to the provisions of the Convention only if the specimens meet the definition of "artificially propagated" agreed by the Conference of the Parties.
19877	CITES	Appendix I	Appendix I:Seedling or tissue cultures obtained in vitro and transported in sterile containers are not subject to the provisions of the Convention only if the specimens meet the definition of "artificially propagated" agreed by the Conference of the Parties.
20030	CITES	Appendix I	
20047	CITES	Appendix I	
20048	CITES	Appendix I	
20098	CITES	Appendix I	Appendix I:Seedling or tissue cultures obtained in vitro and transported in sterile containers are not subject to the provisions of the Convention only if the specimens meet the definition of "artificially propagated" agreed by the Conference of the Parties.
20112	CITES	Appendix I	
20136	CITES	Appendix I	
20139	CITES	Appendix I	
20187	CITES	Appendix I	Appendix I:Seedling or tissue cultures obtained in vitro and transported in sterile containers are not subject to the provisions of the Convention only if the specimens meet the definition of ‘artificially propagated’ agreed by the CoP.
20244	CITES	Appendix I	
20271	CITES	Appendix I	
20310	CITES	Appendix I	Appendix I:Includes generic synonyms Gymnocactus, Normanbokea & Rapicactus, & some species formerly listed in Neolloydia
20378	CITES	Appendix I	
20409	CITES	Appendix I	Appendix I:Seedling or tissue cultures obtained in vitro and transported in sterile containers are not subject to the provisions of the Convention only if the specimens meet the definition of ‘artificially propagated’ agreed by the CoP.
20415	CITES	Appendix I	
20569	CITES	Appendix I	Appendix I:Seedling or tissue cultures obtained in vitro and transported in sterile containers are not subject to the provisions of the Convention only if the specimens meet the definition of "artificially propagated" agreed by the Conference of the Parties.
20588	CITES	Appendix I	
20615	CITES	Appendix I	Appendix I:Seedling or tissue cultures obtained in vitro and transported in sterile containers are not subject to the provisions of the Convention only if the specimens meet the definition of "artificially propagated" agreed by the Conference of the Parties.
20657	CITES	Appendix I	Appendix I:Includes generic synonyms Gymnocactus, Normanbokea & Rapicactus, & some species formerly listed in Neolloydia
20701	CITES	Appendix I	
20749	CITES	Appendix I	
20788	CITES	Appendix I	Appendix I:Seedling or tissue cultures obtained in vitro and transported in sterile containers are not subject to the provisions of the Convention only if the specimens meet the definition of ‘artificially propagated’ agreed by the CoP.
20879	CITES	Appendix I	
20895	CITES	Appendix I	
20909	CITES	Appendix I	
20915	CITES	Appendix I	
20938	CITES	Appendix I	Appendix I:Seedling or tissue cultures obtained in vitro and transported in sterile containers are not subject to the provisions of the Convention only if the specimens meet the definition of ‘artificially propagated’ agreed by the CoP.
20997	CITES	Appendix I	
21066	CITES	Appendix I	
21123	CITES	Appendix I	
21141	CITES	Appendix I	
21176	CITES	Appendix I	
21264	CITES	Appendix I	Appendix I:Seedling or tissue cultures obtained in vitro and transported in sterile containers are not subject to the provisions of the Convention only if the specimens meet the definition of "artificially propagated" agreed by the Conference of the Parties.
21277	CITES	Appendix I	Appendix I:Includes generic synonyms Neogomesia & Roseocactus
21376	CITES	Appendix I	
21406	CITES	Appendix I	
21416	CITES	Appendix I	
21463	CITES	Appendix I	Appendix I:Seedling or tissue cultures obtained in vitro and transported in sterile containers are not subject to the provisions of the Convention only if the specimens meet the definition of "artificially propagated" agreed by the Conference of the Parties.
21561	CITES	Appendix I	
21767	CITES	Appendix I	
21791	CITES	Appendix I	
21851	CITES	Appendix I	
21925	CITES	Appendix I	
22072	CITES	Appendix I	
22209	CITES	Appendix I	Appendix I:Seedling or tissue cultures obtained in vitro and transported in sterile containers are not subject to the provisions of the Convention only if the specimens meet the definition of "artificially propagated" agreed by the Conference of the Parties.
22217	CITES	Appendix I	
22225	CITES	Appendix I	
22260	CITES	Appendix I	Appendix I:Includes generic synonyms Gymnocactus, Normanbokea & Rapicactus, & some species formerly listed in Neolloydia
22489	CITES	Appendix I	
22530	CITES	Appendix I	
22647	CITES	Appendix I	
22677	CITES	Appendix I	
22715	CITES	Appendix I	
22794	CITES	Appendix I	
22795	CITES	Appendix I	
22857	CITES	Appendix I	
23085	CITES	Appendix I	
23193	CITES	Appendix I	Appendix I:Includes E. cylindrifolia ssp. tuberifera.
23277	CITES	Appendix I	
23356	CITES	Appendix I	
23450	CITES	Appendix I	
23498	CITES	Appendix I	
23550	CITES	Appendix I	Appendix I:Includes generic synonyms Gymnocactus, Normanbokea & Rapicactus, & some species formerly listed in Neolloydia
23566	CITES	Appendix I	
23600	CITES	Appendix I	
23616	CITES	Appendix I	Appendix I:Seedling or tissue cultures obtained in vitro and transported in sterile containers are not subject to the provisions of the Convention only if the specimens meet the definition of "artificially propagated" agreed by the Conference of the Parties.
23660	CITES	Appendix I	
23745	CITES	Appendix I	Appendix I:Seedling or tissue cultures obtained in vitro and transported in sterile containers are not subject to the provisions of the Convention only if the specimens meet the definition of "artificially propagated" agreed by the Conference of the Parties.
23751	CITES	Appendix I	Appendix I:Seedling or tissue cultures obtained in vitro and transported in sterile containers are not subject to the provisions of the Convention only if the specimens meet the definition of "artificially propagated" agreed by the Conference of the Parties.
23775	CITES	Appendix I	Appendix I:Seedling or tissue cultures obtained in vitro and transported in sterile containers are not subject to the provisions of the Convention only if the specimens meet the definition of ‘artificially propagated’ agreed by the CoP.
23835	CITES	Appendix I	
23860	CITES	Appendix I	Appendix I:Seedling or tissue cultures obtained in vitro and transported in sterile containers are not subject to the provisions of the Convention only if the specimens meet the definition of "artificially propagated" agreed by the Conference of the Parties.
23903	CITES	Appendix I	Appendix I:Seedling or tissue cultures obtained in vitro and transported in sterile containers are not subject to the provisions of the Convention only if the specimens meet the definition of "artificially propagated" agreed by the Conference of the Parties.
24004	CITES	Appendix I	Appendix I:Seedling or tissue cultures obtained in vitro and transported in sterile containers are not subject to the provisions of the Convention only if the specimens meet the definition of "artificially propagated" agreed by the Conference of the Parties.
24066	CITES	Appendix I	
24069	CITES	Appendix I	Appendix I:Seedling or tissue cultures obtained in vitro and transported in sterile containers are not subject to the provisions of the Convention only if the specimens meet the definition of "artificially propagated" agreed by the Conference of the Parties.
24092	CITES	Appendix I	
24119	CITES	Appendix I	Appendix I:Seedling or tissue cultures obtained in vitro and transported in sterile containers are not subject to the provisions of the Convention only if the specimens meet the definition of ‘artificially propagated’ agreed by the CoP.
24165	CITES	Appendix I	Appendix I:Seedling or tissue cultures obtained in vitro and transported in sterile containers are not subject to the provisions of the Convention only if the specimens meet the definition of "artificially propagated" agreed by the Conference of the Parties.
24203	CITES	Appendix I	Appendix I:Seedling or tissue cultures obtained in vitro and transported in sterile containers are not subject to the provisions of the Convention only if the specimens meet the definition of ‘artificially propagated’ agreed by the CoP.
24310	CITES	Appendix I	
24316	CITES	Appendix I	
24330	CITES	Appendix I	
24431	CITES	Appendix I	
24472	CITES	Appendix I	Appendix I:Seedling or tissue cultures obtained in vitro and transported in sterile containers are not subject to the provisions of the Convention only if the specimens meet the definition of ‘artificially propagated’ agreed by the CoP.
24505	CITES	Appendix I	
24707	CITES	Appendix I	Appendix I:Includes A. compressa vars. paucituberculata, rugosquamosa & schistophila.
24757	CITES	Appendix I	
24774	CITES	Appendix I	
24815	CITES	Appendix I	
24864	CITES	Appendix I	
24892	CITES	Appendix I	Appendix I:Seedling or tissue cultures obtained in vitro and transported in sterile containers are not subject to the provisions of the Convention only if the specimens meet the definition of "artificially propagated" agreed by the Conference of the Parties.
24909	CITES	Appendix I	
24942	CITES	Appendix I	
25013	CITES	Appendix I	
25109	CITES	Appendix I	Appendix I:Seedling or tissue cultures obtained in vitro and transported in sterile containers are not subject to the provisions of the Convention only if the specimens meet the definition of "artificially propagated" agreed by the Conference of the Parties.
25138	CITES	Appendix I	Appendix I:Included in Ariocarpus spp.
25150	CITES	Appendix I	Appendix I:Seedling or tissue cultures obtained in vitro and transported in sterile containers are not subject to the provisions of the Convention only if the specimens meet the definition of "artificially propagated" agreed by the Conference of the Parties.
25161	CITES	Appendix I	Appendix I:Includes generic synonyms Gymnocactus, Normanbokea & Rapicactus, & some species formerly listed in Neolloydia
25178	CITES	Appendix I	
25339	CITES	Appendix I	Appendix I:Seedling or tissue cultures obtained in vitro and transported in sterile containers are not subject to the provisions of the Convention only if the specimens meet the definition of "artificially propagated" agreed by the Conference of the Parties.
25351	CITES	Appendix I	
25352	CITES	Appendix I	Appendix I:Includes E. decaryi vars. ampanihyensis, robinsonii &spirosticha.
25367	CITES	Appendix I	Appendix I:Includes the subspecies solisioides
25426	CITES	Appendix I	Appendix I:Seedling or tissue cultures obtained in vitro and transported in sterile containers are not subject to the provisions of the Convention only if the specimens meet the definition of "artificially propagated" agreed by the Conference of the Parties.
25526	CITES	Appendix I	
25762	CITES	Appendix I	
25821	CITES	Appendix I	Appendix I:Seedling or tissue cultures obtained in vitro and transported in sterile containers are not subject to the provisions of the Convention only if the specimens meet the definition of "artificially propagated" agreed by the Conference of the Parties.
25841	CITES	Appendix I	
25877	CITES	Appendix I	Appendix I:Seedling or tissue cultures obtained in vitro and transported in sterile containers are not subject to the provisions of the Convention only if the specimens meet the definition of "artificially propagated" agreed by the Conference of the Parties.
25895	CITES	Appendix I	
25902	CITES	Appendix I	Appendix I:Seedling or tissue cultures obtained in vitro and transported in sterile containers are not subject to the provisions of the Convention only if the specimens meet the definition of "artificially propagated" agreed by the Conference of the Parties.
25968	CITES	Appendix I	Appendix I:All populations
26024	CITES	Appendix I	
26057	CITES	Appendix I	
26167	CITES	Appendix I	
26223	CITES	Appendix I	
26281	CITES	Appendix I	
26326	CITES	Appendix I	Appendix I:Seedling or tissue cultures obtained in vitro and transported in sterile containers are not subject to the provisions of the Convention only if the specimens meet the definition of "artificially propagated" agreed by the Conference of the Parties.
26342	CITES	Appendix I	Appendix I:Seedling or tissue cultures obtained in vitro and transported in sterile containers are not subject to the provisions of the Convention only if the specimens meet the definition of "artificially propagated" agreed by the Conference of the Parties.
26352	CITES	Appendix I	Appendix I:Seedling or tissue cultures obtained in vitro and transported in sterile containers are not subject to the provisions of the Convention only if the specimens meet the definition of "artificially propagated" agreed by the Conference of the Parties.
26370	CITES	Appendix I	
26400	CITES	Appendix I	
26458	CITES	Appendix I	Appendix I: Originally a synonym of Pachypodium baronii var. windsorii, P. windsorii was split from Pachypodium baronii in 2007 following the revision of the CITES Aloe and Pachypodium checklist.
26464	CITES	Appendix I	Appendix I:Seedling or tissue cultures obtained in vitro and transported in sterile containers are not subject to the provisions of the Convention only if the specimens meet the definition of "artificially propagated" agreed by the Conference of the Parties.
26492	CITES	Appendix I	
26543	CITES	Appendix I	
26732	CITES	Appendix I	
26865	CITES	Appendix I	Appendix I:Seedling or tissue cultures obtained in vitro and transported in sterile containers are not subject to the provisions of the Convention only if the specimens meet the definition of ‘artificially propagated’ agreed by the CoP.
26931	CITES	Appendix I	Appendix I:Includes subspecies despainii & winkleri.
26937	CITES	Appendix I	Appendix I:Seedling or tissue cultures obtained in vitro and transported in sterile containers are not subject to the provisions of the Convention only if the specimens meet the definition of "artificially propagated" agreed by the Conference of the Parties.
27060	CITES	Appendix I	Appendix I:Seedling or tissue cultures obtained in vitro and transported in sterile containers are not subject to the provisions of the Convention only if the specimens meet the definition of ‘artificially propagated’ agreed by the CoP.
27073	CITES	Appendix I	
27137	CITES	Appendix I	Appendix I:Seedling or tissue cultures obtained in vitro and transported in sterile containers are not subject to the provisions of the Convention only if the specimens meet the definition of "artificially propagated" agreed by the Conference of the Parties.
27242	CITES	Appendix I	
27263	CITES	Appendix I	Appendix I:Includes E. moratii vars. antsingiensis, bemarahensis &multiflora.
27546	CITES	Appendix I	
27568	CITES	Appendix I	
27615	CITES	Appendix I	
27661	CITES	Appendix I	
27663	CITES	Appendix I	
27815	CITES	Appendix I	
27816	CITES	Appendix I	Appendix I:Includes generic synonyms Gymnocactus, Normanbokea & Rapicactus, & some species formerly listed in Neolloydia
27872	CITES	Appendix I	Appendix I:Seedling or tissue cultures obtained in vitro and transported in sterile containers are not subject to the provisions of the Convention only if the specimens meet the definition of ‘artificially propagated’ agreed by the CoP.
27914	CITES	Appendix I	
27918	CITES	Appendix I	Appendix I:Seedling or tissue cultures obtained in vitro and transported in sterile containers are not subject to the provisions of the Convention only if the specimens meet the definition of ‘artificially propagated’ agreed by the CoP.
27947	CITES	Appendix I	Appendix I:All populations
27959	CITES	Appendix I	
28010	CITES	Appendix I	
28088	CITES	Appendix I	Appendix I:Seedling or tissue cultures obtained in vitro and transported in sterile containers are not subject to the provisions of the Convention only if the specimens meet the definition of "artificially propagated" agreed by the Conference of the Parties.
28135	CITES	Appendix I	
28161	CITES	Appendix I	
28405	CITES	Appendix I	
28489	CITES	Appendix I	Appendix I:Seedling or tissue cultures obtained in vitro and transported in sterile containers are not subject to the provisions of the Convention only if the specimens meet the definition of ‘artificially propagated’ agreed by the CoP.
28526	CITES	Appendix I	Appendix I:Seedling or tissue cultures obtained in vitro and transported in sterile containers are not subject to the provisions of the Convention only if the specimens meet the definition of "artificially propagated" agreed by the Conference of the Parties.
28569	CITES	Appendix I	
28572	CITES	Appendix I	Appendix I:Seedling or tissue cultures obtained in vitro and transported in sterile containers are not subject to the provisions of the Convention only if the specimens meet the definition of "artificially propagated" agreed by the Conference of the Parties.
28648	CITES	Appendix I	
28657	CITES	Appendix I	Appendix I:Included in Ariocarpus spp.
28680	CITES	Appendix I	Appendix I:Seedling or tissue cultures obtained in vitro and transported in sterile containers are not subject to the provisions of the Convention only if the specimens meet the definition of ‘artificially propagated’ agreed by the CoP.
28749	CITES	Appendix I	
28817	CITES	Appendix I	Appendix I:Seedling or tissue cultures obtained in vitro and transported in sterile containers are not subject to the provisions of the Convention only if the specimens meet the definition of "artificially propagated" agreed by the Conference of the Parties.
28830	CITES	Appendix I	Appendix I:Seedling or tissue cultures obtained in vitro and transported in sterile containers are not subject to the provisions of the Convention only if the specimens meet the definition of "artificially propagated" agreed by the Conference of the Parties.
28867	CITES	Appendix I	Appendix I:Seedling or tissue cultures obtained in vitro and transported in sterile containers are not subject to the provisions of the Convention only if the specimens meet the definition of "artificially propagated" agreed by the Conference of the Parties.
28895	CITES	Appendix I	Appendix I:Includes E. cremersii fa. viridifolia & E. c. var. rakotozafyi.
28910	CITES	Appendix I	
28924	CITES	Appendix I	
28936	CITES	Appendix I	Appendix I:Includes generic synonyms Gymnocactus, Normanbokea & Rapicactus, & some species formerly listed in Neolloydia
29181	CITES	Appendix I	
29201	CITES	Appendix I	Appendix I:Includes generic synonyms Gymnocactus, Normanbokea & Rapicactus, & some species formerly listed in Neolloydia
29228	CITES	Appendix I	Appendix I:Seedling or tissue cultures obtained in vitro and transported in sterile containers are not subject to the provisions of the Convention only if the specimens meet the definition of "artificially propagated" agreed by the Conference of the Parties.
29245	CITES	Appendix I	
29372	CITES	Appendix I	
29522	CITES	Appendix I	
29612	CITES	Appendix I	Appendix I:Originally listed as S. alabamensis alabamensis
29622	CITES	Appendix I	Appendix I:Originally listed as S. jonesii.
29634	CITES	Appendix I	
29642	CITES	Appendix I	Appendix I:Includes E. cremersii fa. viridifolia & E. c. var. rakotozafyi.
29643	CITES	Appendix I	Appendix I:Includes E. moratii vars. antsingiensis, bemarahensis &multiflora.
29653	CITES	Appendix I	Appendix I:Includes E. moratii vars. antsingiensis, bemarahensis &multiflora.
29654	CITES	Appendix I	Appendix I:Includes E. decaryi vars. ampanihyensis, robinsonii &spirosticha.
29656	CITES	Appendix I	Appendix I:Includes E. decaryi vars. ampanihyensis, robinsonii &spirosticha.
29657	CITES	Appendix I	Appendix I:Includes E. decaryi vars. ampanihyensis, robinsonii &spirosticha.
29659	CITES	Appendix I	Appendix I:Includes E. moratii vars. antsingiensis, bemarahensis &multiflora.
30260	CITES	Appendix I	
30824	CITES	Appendix I	Appendix I: Formerly listed as Ovis ammon nigrimontana, which became a synonym of Ovis nigrimontana in 2019, following taxonomic changes adopted at CoP18.
32735	CITES	Appendix I	Appendix I: Originally listed as Chondrohierax uncinatus wilsonii, which became a synonym of Chondrohierax wilsonii in 2023, following taxonomic changes adopted at CoP19.
32743	CITES	Appendix I	Appendix I: Originally listed as Uncia uncia, which became a synonym of Panthera uncia in 2019, following taxonomic changes adopted at CoP18.
33077	CITES	Appendix I	Appendix I:Included in Nycticebus spp. Originally listed as Nycticebus coucang, from which Nycticebus javanicus was split in 2023, following taxonomic changes adopted at CoP19.
33589	CITES	Appendix I	Appendix I:Only the population of Cyprus; no other population is included in the Appendices
34009	CITES	Appendix I	
34430	CITES	Appendix I	
34573	CITES	Appendix I	Appendix I: Originally listed as Scleropages formosus, from which Scleropages inscriptus was split in 2017, following taxonomic changes adopted at CoP17.
35601	CITES	Appendix I	Appendix I: Originally listed as Neofelis nebulosa, from which Neofelis diardi was split in 2019, following taxonomic changes adopted at CoP18.
36055	CITES	Appendix I	
36868	CITES	Appendix I	
37069	CITES	Appendix I	
37340	CITES	Appendix I	Appendix I: Originally listed as Aonyx cinerea, which became a synonym of Aonyx cinereus in 2023, following taxonomic changes adopted at CoP19.
41377	CITES	Appendix I	Appendix I:Seedling or tissue cultures obtained in vitro and transported in sterile containers are not subject to the provisions of the Convention only if the specimens meet the definition of ‘artificially propagated’ agreed by the CoP.
44177	CITES	Appendix I	Appendix I: Originally listed as Sclerocactus glaucus, from which Sclerocactus brevispinus was split in 2017, following taxonomic changes adopted at CoP17.
44303	CITES	Appendix I	Appendix I:Seedling or tissue cultures obtained in vitro and transported in sterile containers are not subject to the provisions of the Convention only if the specimens meet the definition of ‘artificially propagated’ agreed by the Conference of the Parties.
45112	CITES	Appendix I	Appendix I:Included in Ariocarpus spp. Originally listed as Ariocarpus retusus trigonus, which became a synonym of Ariocarpus trigonus in 2017, following taxonomic changes adopted at CoP17.
45512	CITES	Appendix I	Appendix I: Originally listed as Chrysalidocarpus decipiens, which became a synonym of Dypsis decipiens in 2017, following taxonomic changes adopted at CoP17.
46037	CITES	Appendix I	
48183	CITES	Appendix I	Appendix I:Seedling or tissue cultures obtained in vitro and transported in sterile containers are not subject to the provisions of the Convention only if the specimens meet the definition of "artificially propagated" agreed by the Conference of the Parties.
48568	CITES	Appendix I	Appendix I:Seedling or tissue cultures obtained in vitro and transported in sterile containers are not subject to the provisions of the Convention only if the specimens meet the definition of "artificially propagated" agreed by the Conference of the Parties.
50438	CITES	Appendix I	Appendix I: Originally listed as Sclerocactus glaucus, from which Sclerocactus wetlandicus was split in 2017, following taxonomic changes adopted at CoP17.
51804	CITES	Appendix I	
52169	CITES	Appendix I	Appendix I:Seedling or tissue cultures obtained in vitro and transported in sterile containers are not subject to the provisions of the Convention only if the specimens meet the definition of "artificially propagated" agreed by the Conference of the Parties.
52424	CITES	Appendix I	
52536	CITES	Appendix I	Appendix I:Seedling or tissue cultures obtained in vitro, transported in sterile containers are not subject to the provisions of the Convention only if the specimens meet the definition of ‘artificially propagated’ agreed by the CoP. Originally listed as Laelia lobata, which became a synonym of Cattleya lobata in 2019, following taxonomic changes adopted at CoP18.
54740	CITES	Appendix I	
54741	CITES	Appendix I	
54742	CITES	Appendix I	
54743	CITES	Appendix I	
54744	CITES	Appendix I	
54745	CITES	Appendix I	
54747	CITES	Appendix I	
56608	CITES	Appendix I	Appendix I:Seedling or tissue cultures obtained in vitro and transported in sterile containers are not subject to the provisions of the Convention only if the specimens meet the definition of ‘artificially propagated’ agreed by the CoP. Originally listed as Laelia jongheana, which became a synonym of Cattleya jongheana in 2019, following taxonomic changes adopted at CoP18.
61603	CITES	Appendix I	Appendix I:Seedling or tissue cultures obtained in vitro and transported in sterile containers are not subject to the provisions of the Convention only if the specimens meet the definition of "artificially propagated" agreed by the Conference of the Parties.
61609	CITES	Appendix I	Appendix I:Seedling or tissue cultures obtained in vitro and transported in sterile containers are not subject to the provisions of the Convention only if the specimens meet the definition of "artificially propagated" agreed by the Conference of the Parties.
61617	CITES	Appendix I	Appendix I:Seedling or tissue cultures obtained in vitro and transported in sterile containers are not subject to the provisions of the Convention only if the specimens meet the definition of "artificially propagated" agreed by the Conference of the Parties.
61625	CITES	Appendix I	Appendix I:Seedling or tissue cultures obtained in vitro and transported in sterile containers are not subject to the provisions of the Convention only if the specimens meet the definition of "artificially propagated" agreed by the Conference of the Parties.
61630	CITES	Appendix I	Appendix I:Seedling or tissue cultures obtained in vitro and transported in sterile containers are not subject to the provisions of the Convention only if the specimens meet the definition of "artificially propagated" agreed by the Conference of the Parties.
61633	CITES	Appendix I	Appendix I:Seedling or tissue cultures obtained in vitro and transported in sterile containers are not subject to the provisions of the Convention only if the specimens meet the definition of "artificially propagated" agreed by the Conference of the Parties.
61645	CITES	Appendix I	Appendix I:Seedling or tissue cultures obtained in vitro and transported in sterile containers are not subject to the provisions of the Convention only if the specimens meet the definition of "artificially propagated" agreed by the Conference of the Parties.
61648	CITES	Appendix I	Appendix I:Seedling or tissue cultures obtained in vitro and transported in sterile containers are not subject to the provisions of the Convention only if the specimens meet the definition of "artificially propagated" agreed by the Conference of the Parties.
61655	CITES	Appendix I	Appendix I:Seedling or tissue cultures obtained in vitro and transported in sterile containers are not subject to the provisions of the Convention only if the specimens meet the definition of "artificially propagated" agreed by the Conference of the Parties.
61861	CITES	Appendix I	Appendix I:Seedling or tissue cultures obtained in vitro and transported in sterile containers are not subject to the provisions of the Convention only if the specimens meet the definition of ‘artificially propagated’ agreed by the CoP.
61865	CITES	Appendix I	Appendix I:Seedling or tissue cultures obtained in vitro and transported in sterile containers are not subject to the provisions of the Convention only if the specimens meet the definition of ‘artificially propagated’ agreed by the CoP.
61866	CITES	Appendix I	Appendix I:Seedling or tissue cultures obtained in vitro and transported in sterile containers are not subject to the provisions of the Convention only if the specimens meet the definition of ‘artificially propagated’ agreed by the CoP.
61869	CITES	Appendix I	Appendix I:Seedling or tissue cultures obtained in vitro and transported in sterile containers are not subject to the provisions of the Convention only if the specimens meet the definition of ‘artificially propagated’ agreed by the CoP.
62721	CITES	Appendix I	
64444	CITES	Appendix I	
64447	CITES	Appendix I	
64452	CITES	Appendix I	
65114	CITES	Appendix I	Appendix I:Seedling or tissue cultures obtained in vitro and transported in sterile containers are not subject to the provisions of the Convention only if the specimens meet the definition of "artificially propagated" agreed by the Conference of the Parties.
65122	CITES	Appendix I	Appendix I:Seedling or tissue cultures obtained in vitro and transported in sterile containers are not subject to the provisions of the Convention only if the specimens meet the definition of "artificially propagated" agreed by the Conference of the Parties.
65124	CITES	Appendix I	Appendix I:Seedling or tissue cultures obtained in vitro and transported in sterile containers are not subject to the provisions of the Convention only if the specimens meet the definition of "artificially propagated" agreed by the Conference of the Parties.
65125	CITES	Appendix I	Appendix I:Seedling or tissue cultures obtained in vitro and transported in sterile containers are not subject to the provisions of the Convention only if the specimens meet the definition of "artificially propagated" agreed by the Conference of the Parties.
65133	CITES	Appendix I	Appendix I:Seedling or tissue cultures obtained in vitro and transported in sterile containers are not subject to the provisions of the Convention only if the specimens meet the definition of "artificially propagated" agreed by the Conference of the Parties.
65505	CITES	Appendix I	
65506	CITES	Appendix I	
65507	CITES	Appendix I	
65508	CITES	Appendix I	
65509	CITES	Appendix I	
65511	CITES	Appendix I	
65512	CITES	Appendix I	
65513	CITES	Appendix I	
65736	CITES	Appendix I	Appendix I: Chilabothrus was split from Epicrates in 2023, following taxonomic changes adopted at CoP19.
65739	CITES	Appendix I	Appendix I: Chilabothrus was split from Epicrates in 2023, following taxonomic changes adopted at CoP19.
65766	CITES	Appendix I	
65767	CITES	Appendix I	
65822	CITES	Appendix I	Appendix I: Originally listed as Grus leucogeranus, which became a synonym of Leucogeranus leucogeranus in 2023, following taxonomic changes adopted at CoP19.
65824	CITES	Appendix I	Appendix I: Antigone was split from Grus in 2023, following taxonomic changes adopted at CoP19.
65832	CITES	Appendix I	Appendix I: Originally listed as Gallirallus sylvestris, which became a synonym of Hypotaenidia sylvestris in 2023, following taxonomic changes adopted at CoP19.
65853	CITES	Appendix I	Appendix I: Originally listed as Pezoporus wallicus, from which Pezoporus flaviventris was split in 2023, following taxonomic changes adopted at CoP19.
65863	CITES	Appendix I	Appendix I: Psephotellus was split from Psephotus in 2023, following taxonomic changes adopted at CoP19.
65864	CITES	Appendix I	Appendix I: Psephotellus was split from Psephotus in 2023, following taxonomic changes adopted at CoP19.
65865	CITES	Appendix I	Appendix I:Possibly extinct Psephotellus was split from Psephotus in 2023, following taxonomic changes adopted at CoP19.
66401	CITES	Appendix I	
67921	CITES	Appendix I	
67925	CITES	Appendix I	
67926	CITES	Appendix I	
67927	CITES	Appendix I	
67928	CITES	Appendix I	
67929	CITES	Appendix I	
67958	CITES	Appendix I	
67963	CITES	Appendix I	
67992	CITES	Appendix I	
68002	CITES	Appendix I	
68009	CITES	Appendix I	
68051	CITES	Appendix I	
68076	CITES	Appendix I	
68084	CITES	Appendix I	
68149	CITES	Appendix I	
68150	CITES	Appendix I	
68243	CITES	Appendix I	
68277	CITES	Appendix I	
68282	CITES	Appendix I	
68284	CITES	Appendix I	
68304	CITES	Appendix I	
68306	CITES	Appendix I	
68342	CITES	Appendix I	Appendix I: Originally listed as Neophocaena phocaenoides, from which Neophocaena asiaeorientalis was split in 2017, following taxonomic changes adopted at CoP17.
68346	CITES	Appendix I	Appendix I: Originally listed as Ateles geoffroyi panamensis, which became a synonym of Ateles geoffroyi ornatus in 2017, following taxonomic changes adopted at CoP17.
68352	CITES	Appendix I	
68363	CITES	Appendix I	Appendix I: Originally listed as Chelonoidis nigra, which became a synonym of Chelonoidis niger in 2017, following taxonomic changes adopted at CoP17.
68389	CITES	Appendix I	Appendix I: Originally listed as Chigua, which was lumped into Zamia in 2017, following taxonomic changes adopted at CoP17.
68406	CITES	Appendix I	
68407	CITES	Appendix I	
68409	CITES	Appendix I	
68410	CITES	Appendix I	
68412	CITES	Appendix I	
68413	CITES	Appendix I	
68415	CITES	Appendix I	
93882	CITES	Appendix I	Appendix I:Seedling or tissue cultures obtained in vitro and transported in sterile containers are not subject to the provisions of the Convention only if the specimens meet the definition of ‘artificially propagated’ agreed by the CoP.
93908	CITES	Appendix I	
93931	CITES	Appendix I	
94514	CITES	Appendix I	Appendix I: Aloidendron was split from Aloe in 2026, following taxonomic changes adopted at CoP20.
94537	CITES	Appendix I	
98193	CITES	Appendix I	
98194	CITES	Appendix I	
98196	CITES	Appendix I	
98198	CITES	Appendix I	
98199	CITES	Appendix I	
98270	CITES	Appendix I	
98271	CITES	Appendix I	
98331	CITES	Appendix I	
98335	CITES	Appendix I	Appendix I: Originally listed as Leopardus jacobitus, which became a synonym of Leopardus jacobita in 2019, following taxonomic changes adopted at CoP18.
98337	CITES	Appendix I	Appendix I:Only the populations of Central and North America; all other populations are included in Appendix II. Formerly listed as Puma yagouaroundi, which became a synonym of Herpailurus yagouaroundi in 2019, following taxonomic changes adopted at CoP18. Appendix II:Included in Felidae spp. except the populations of Central and North America, which are included in Appendix I. Specimens of the domesticated form are not subject to the provisions of the Convention. Formerly listed as Puma yagouaroundi, which became a synonym of Herpailurus yagouaroundi in 2019, following taxonomic changes adopted at CoP18.
98355	CITES	Appendix I	Appendix I:Seedling or tissue cultures obtained in vitro and transported in sterile containers are not subject to the provisions of the Convention only if the specimens meet the definition of "artificially propagated" agreed by the Conference of the Parties.
98356	CITES	Appendix I	Appendix I:Seedling or tissue cultures obtained in vitro and transported in sterile containers are not subject to the provisions of the Convention only if the specimens meet the definition of "artificially propagated" agreed by the Conference of the Parties.
98357	CITES	Appendix I	Appendix I:Seedling or tissue cultures obtained in vitro and transported in sterile containers are not subject to the provisions of the Convention only if the specimens meet the definition of "artificially propagated" agreed by the Conference of the Parties.
98358	CITES	Appendix I	Appendix I:Seedling or tissue cultures obtained in vitro and transported in sterile containers are not subject to the provisions of the Convention only if the specimens meet the definition of "artificially propagated" agreed by the Conference of the Parties.
98359	CITES	Appendix I	Appendix I:Seedling or tissue cultures obtained in vitro and transported in sterile containers are not subject to the provisions of the Convention only if the specimens meet the definition of "artificially propagated" agreed by the Conference of the Parties.
98360	CITES	Appendix I	Appendix I:Seedling or tissue cultures obtained in vitro and transported in sterile containers are not subject to the provisions of the Convention only if the specimens meet the definition of "artificially propagated" agreed by the Conference of the Parties.
98361	CITES	Appendix I	Appendix I:Seedling or tissue cultures obtained in vitro and transported in sterile containers are not subject to the provisions of the Convention only if the specimens meet the definition of "artificially propagated" agreed by the Conference of the Parties.
98362	CITES	Appendix I	Appendix I:Seedling or tissue cultures obtained in vitro and transported in sterile containers are not subject to the provisions of the Convention only if the specimens meet the definition of "artificially propagated" agreed by the Conference of the Parties.
98363	CITES	Appendix I	Appendix I:Seedling or tissue cultures obtained in vitro and transported in sterile containers are not subject to the provisions of the Convention only if the specimens meet the definition of "artificially propagated" agreed by the Conference of the Parties.
98365	CITES	Appendix I	Appendix I:Seedling or tissue cultures obtained in vitro and transported in sterile containers are not subject to the provisions of the Convention only if the specimens meet the definition of "artificially propagated" agreed by the Conference of the Parties.
98366	CITES	Appendix I	Appendix I:Seedling or tissue cultures obtained in vitro and transported in sterile containers are not subject to the provisions of the Convention only if the specimens meet the definition of ‘artificially propagated’ agreed by the CoP.
98367	CITES	Appendix I	Appendix I:Seedling or tissue cultures obtained in vitro and transported in sterile containers are not subject to the provisions of the Convention only if the specimens meet the definition of "artificially propagated" agreed by the Conference of the Parties.
98368	CITES	Appendix I	Appendix I:Seedling or tissue cultures obtained in vitro and transported in sterile containers are not subject to the provisions of the Convention only if the specimens meet the definition of "artificially propagated" agreed by the Conference of the Parties.
98369	CITES	Appendix I	Appendix I:Seedling or tissue cultures obtained in vitro and transported in sterile containers are not subject to the provisions of the Convention only if the specimens meet the definition of "artificially propagated" agreed by the Conference of the Parties.
98370	CITES	Appendix I	Appendix I:Seedling or tissue cultures obtained in vitro and transported in sterile containers are not subject to the provisions of the Convention only if the specimens meet the definition of "artificially propagated" agreed by the Conference of the Parties.
98371	CITES	Appendix I	Appendix I:Seedling or tissue cultures obtained in vitro and transported in sterile containers are not subject to the provisions of the Convention only if the specimens meet the definition of "artificially propagated" agreed by the Conference of the Parties.
98372	CITES	Appendix I	Appendix I:Seedling or tissue cultures obtained in vitro and transported in sterile containers are not subject to the provisions of the Convention only if the specimens meet the definition of "artificially propagated" agreed by the Conference of the Parties.
98373	CITES	Appendix I	Appendix I:Seedling or tissue cultures obtained in vitro and transported in sterile containers are not subject to the provisions of the Convention only if the specimens meet the definition of "artificially propagated" agreed by the Conference of the Parties.
98374	CITES	Appendix I	Appendix I:Seedling or tissue cultures obtained in vitro and transported in sterile containers are not subject to the provisions of the Convention only if the specimens meet the definition of "artificially propagated" agreed by the Conference of the Parties.
98375	CITES	Appendix I	Appendix I:Seedling or tissue cultures obtained in vitro and transported in sterile containers are not subject to the provisions of the Convention only if the specimens meet the definition of "artificially propagated" agreed by the Conference of the Parties.
98376	CITES	Appendix I	Appendix I:Seedling or tissue cultures obtained in vitro and transported in sterile containers are not subject to the provisions of the Convention only if the specimens meet the definition of "artificially propagated" agreed by the Conference of the Parties.
98377	CITES	Appendix I	Appendix I:Seedling or tissue cultures obtained in vitro and transported in sterile containers are not subject to the provisions of the Convention only if the specimens meet the definition of "artificially propagated" agreed by the Conference of the Parties.
98378	CITES	Appendix I	Appendix I:Seedling or tissue cultures obtained in vitro and transported in sterile containers are not subject to the provisions of the Convention only if the specimens meet the definition of "artificially propagated" agreed by the Conference of the Parties.
98379	CITES	Appendix I	Appendix I:Seedling or tissue cultures obtained in vitro and transported in sterile containers are not subject to the provisions of the Convention only if the specimens meet the definition of "artificially propagated" agreed by the Conference of the Parties.
98380	CITES	Appendix I	Appendix I:Seedling or tissue cultures obtained in vitro and transported in sterile containers are not subject to the provisions of the Convention only if the specimens meet the definition of "artificially propagated" agreed by the Conference of the Parties.
98381	CITES	Appendix I	Appendix I:Seedling or tissue cultures obtained in vitro and transported in sterile containers are not subject to the provisions of the Convention only if the specimens meet the definition of "artificially propagated" agreed by the Conference of the Parties.
98382	CITES	Appendix I	Appendix I:Seedling or tissue cultures obtained in vitro and transported in sterile containers are not subject to the provisions of the Convention only if the specimens meet the definition of "artificially propagated" agreed by the Conference of the Parties.
98383	CITES	Appendix I	Appendix I:Seedling or tissue cultures obtained in vitro and transported in sterile containers are not subject to the provisions of the Convention only if the specimens meet the definition of ‘artificially propagated’ agreed by the CoP.
98385	CITES	Appendix I	Appendix I:Seedling or tissue cultures obtained in vitro and transported in sterile containers are not subject to the provisions of the Convention only if the specimens meet the definition of "artificially propagated" agreed by the Conference of the Parties.
98386	CITES	Appendix I	Appendix I:Seedling or tissue cultures obtained in vitro and transported in sterile containers are not subject to the provisions of the Convention only if the specimens meet the definition of "artificially propagated" agreed by the Conference of the Parties.
98388	CITES	Appendix I	Appendix I:Seedling or tissue cultures obtained in vitro and transported in sterile containers are not subject to the provisions of the Convention only if the specimens meet the definition of "artificially propagated" agreed by the Conference of the Parties.
98389	CITES	Appendix I	Appendix I:Seedling or tissue cultures obtained in vitro and transported in sterile containers are not subject to the provisions of the Convention only if the specimens meet the definition of "artificially propagated" agreed by the Conference of the Parties.
98390	CITES	Appendix I	Appendix I:Seedling or tissue cultures obtained in vitro and transported in sterile containers are not subject to the provisions of the Convention only if the specimens meet the definition of "artificially propagated" agreed by the Conference of the Parties.
98391	CITES	Appendix I	Appendix I:Seedling or tissue cultures obtained in vitro and transported in sterile containers are not subject to the provisions of the Convention only if the specimens meet the definition of "artificially propagated" agreed by the Conference of the Parties.
98392	CITES	Appendix I	Appendix I:Seedling or tissue cultures obtained in vitro and transported in sterile containers are not subject to the provisions of the Convention only if the specimens meet the definition of ‘artificially propagated’ agreed by the CoP.
98393	CITES	Appendix I	Appendix I:Seedling or tissue cultures obtained in vitro and transported in sterile containers are not subject to the provisions of the Convention only if the specimens meet the definition of "artificially propagated" agreed by the Conference of the Parties.
98394	CITES	Appendix I	Appendix I:Seedling or tissue cultures obtained in vitro and transported in sterile containers are not subject to the provisions of the Convention only if the specimens meet the definition of "artificially propagated" agreed by the Conference of the Parties.
98396	CITES	Appendix I	Appendix I:Seedling or tissue cultures obtained in vitro and transported in sterile containers are not subject to the provisions of the Convention only if the specimens meet the definition of "artificially propagated" agreed by the Conference of the Parties.
98397	CITES	Appendix I	Appendix I:Seedling or tissue cultures obtained in vitro and transported in sterile containers are not subject to the provisions of the Convention only if the specimens meet the definition of "artificially propagated" agreed by the Conference of the Parties.
98398	CITES	Appendix I	Appendix I:Seedling or tissue cultures obtained in vitro and transported in sterile containers are not subject to the provisions of the Convention only if the specimens meet the definition of "artificially propagated" agreed by the Conference of the Parties.
98399	CITES	Appendix I	Appendix I:Seedling or tissue cultures obtained in vitro and transported in sterile containers are not subject to the provisions of the Convention only if the specimens meet the definition of "artificially propagated" agreed by the Conference of the Parties.
98400	CITES	Appendix I	Appendix I:Seedling or tissue cultures obtained in vitro and transported in sterile containers are not subject to the provisions of the Convention only if the specimens meet the definition of "artificially propagated" agreed by the Conference of the Parties.
98401	CITES	Appendix I	Appendix I:Seedling or tissue cultures obtained in vitro and transported in sterile containers are not subject to the provisions of the Convention only if the specimens meet the definition of "artificially propagated" agreed by the Conference of the Parties.
98402	CITES	Appendix I	Appendix I:Seedling or tissue cultures obtained in vitro and transported in sterile containers are not subject to the provisions of the Convention only if the specimens meet the definition of ‘artificially propagated’ agreed by the CoP.
98403	CITES	Appendix I	Appendix I:Seedling or tissue cultures obtained in vitro and transported in sterile containers are not subject to the provisions of the Convention only if the specimens meet the definition of "artificially propagated" agreed by the Conference of the Parties.
98404	CITES	Appendix I	Appendix I:Seedling or tissue cultures obtained in vitro and transported in sterile containers are not subject to the provisions of the Convention only if the specimens meet the definition of "artificially propagated" agreed by the Conference of the Parties.
98405	CITES	Appendix I	Appendix I:Seedling or tissue cultures obtained in vitro and transported in sterile containers are not subject to the provisions of the Convention only if the specimens meet the definition of "artificially propagated" agreed by the Conference of the Parties.
98406	CITES	Appendix I	Appendix I:Seedling or tissue cultures obtained in vitro and transported in sterile containers are not subject to the provisions of the Convention only if the specimens meet the definition of ‘artificially propagated’ agreed by the CoP.
98407	CITES	Appendix I	Appendix I:Seedling or tissue cultures obtained in vitro and transported in sterile containers are not subject to the provisions of the Convention only if the specimens meet the definition of "artificially propagated" agreed by the Conference of the Parties.
98408	CITES	Appendix I	Appendix I:Seedling or tissue cultures obtained in vitro and transported in sterile containers are not subject to the provisions of the Convention only if the specimens meet the definition of "artificially propagated" agreed by the Conference of the Parties.
98409	CITES	Appendix I	Appendix I:Seedling or tissue cultures obtained in vitro and transported in sterile containers are not subject to the provisions of the Convention only if the specimens meet the definition of "artificially propagated" agreed by the Conference of the Parties.
98410	CITES	Appendix I	Appendix I:Seedling or tissue cultures obtained in vitro and transported in sterile containers are not subject to the provisions of the Convention only if the specimens meet the definition of "artificially propagated" agreed by the Conference of the Parties.
98411	CITES	Appendix I	Appendix I:Seedling or tissue cultures obtained in vitro and transported in sterile containers are not subject to the provisions of the Convention only if the specimens meet the definition of "artificially propagated" agreed by the Conference of the Parties.
98412	CITES	Appendix I	Appendix I:Seedling or tissue cultures obtained in vitro and transported in sterile containers are not subject to the provisions of the Convention only if the specimens meet the definition of "artificially propagated" agreed by the Conference of the Parties.
98413	CITES	Appendix I	Appendix I:Seedling or tissue cultures obtained in vitro and transported in sterile containers are not subject to the provisions of the Convention only if the specimens meet the definition of "artificially propagated" agreed by the Conference of the Parties.
98414	CITES	Appendix I	Appendix I:Seedling or tissue cultures obtained in vitro and transported in sterile containers are not subject to the provisions of the Convention only if the specimens meet the definition of "artificially propagated" agreed by the Conference of the Parties.
98415	CITES	Appendix I	Appendix I:Seedling or tissue cultures obtained in vitro and transported in sterile containers are not subject to the provisions of the Convention only if the specimens meet the definition of ‘artificially propagated’ agreed by the CoP.
98416	CITES	Appendix I	Appendix I:Seedling or tissue cultures obtained in vitro and transported in sterile containers are not subject to the provisions of the Convention only if the specimens meet the definition of "artificially propagated" agreed by the Conference of the Parties.
98417	CITES	Appendix I	Appendix I:Seedling or tissue cultures obtained in vitro and transported in sterile containers are not subject to the provisions of the Convention only if the specimens meet the definition of ‘artificially propagated’ agreed by the CoP.
98421	CITES	Appendix I	Appendix I: Originally listed as Echinocereus ferreiranus lindsayi, which became a synonym of Echinocereus ferreiranus lindsayorum in 2019, following taxonomic changes adopted at CoP18.
98423	CITES	Appendix I	Appendix I: Formerly listed as Ovis ammon hodgsonii, which became a synonym of Ovis hodgsoni in 2019, following taxonomic changes adopted at CoP18.
98426	CITES	Appendix I	Appendix I: Originally listed as Papilio chikae, which was lumped into Achillides chikae chikae in 2019, following taxonomic changes adopted at CoP18.
98502	CITES	Appendix I	Appendix I:Seedling or tissue cultures obtained in vitro and transported in sterile containers are not subject to the provisions of the Convention only if the specimens meet the definition of "artificially propagated" agreed by the Conference of the Parties.
98882	CITES	Appendix I	Appendix I: Originally listed as Leopardus tigrinus, from which Leopardus guttulus was split in 2019, following taxonomic changes adopted at CoP18.
98993	CITES	Appendix I	Appendix I:Seedling or tissue cultures obtained in vitro and transported in sterile containers are not subject to the provisions of the Convention only if the specimens meet the definition of "artificially propagated" agreed by the Conference of the Parties.
98994	CITES	Appendix I	Appendix I:Seedling or tissue cultures obtained in vitro and transported in sterile containers are not subject to the provisions of the Convention only if the specimens meet the definition of "artificially propagated" agreed by the Conference of the Parties.
99578	CITES	Appendix I	
100209	CITES	Appendix I	
100472	CITES	Appendix I	
100473	CITES	Appendix I	
101074	CITES	Appendix I	
101075	CITES	Appendix I	
101076	CITES	Appendix I	
101077	CITES	Appendix I	
101097	CITES	Appendix I	
101259	CITES	Appendix I	Appendix I: Aloestrela was split from Aloe in 2026, following taxonomic changes adopted at CoP20.
101272	CITES	Appendix I	Appendix I: Originally listed as Equus hemionus hemionus, from which Equus hemionus luteus was split in 2023, following taxonomic changes adopted at CoP19.
101289	CITES	Appendix I	Appendix I:Formerly included in Pongo pygmaeus. Originally listed as Pongo abelii, from which Pongo tapanuliensis was split in 2023, following taxonomic changes adopted at CoP19.
101290	CITES	Appendix I	
101291	CITES	Appendix I	
101292	CITES	Appendix I	
101391	CITES	Appendix I	Appendix I: Antigone was split from Grus in 2023, following taxonomic changes adopted at CoP19.
101393	CITES	Appendix I	Appendix I: Antigone was split from Grus in 2023, following taxonomic changes adopted at CoP19.
101410	CITES	Appendix I	
101411	CITES	Appendix I	
102974	CITES	Appendix I	Appendix I:Formerly listed under synonym Bufo superciliaris. Previously listed as Amietophrynus superciliaris, from which Amietophrynus channingi was split in 2017, following taxonomic changes adopted at CoP17.
102975	CITES	Appendix I	Appendix I:Formerly listed under synonym Bufo superciliaris.
104810	CITES	Appendix I	
104814	CITES	Appendix I	
104821	CITES	Appendix I	
104822	CITES	Appendix I	
104823	CITES	Appendix I	
104873	CITES	Appendix I	
104953	CITES	Appendix I	
105313	CITES	Appendix I	Appendix I: Originally listed as Ailurus fulgens, from which Ailurus styani was split in 2026, following taxonomic changes adopted at CoP20.
105314	CITES	Appendix I	Appendix I:Except Neomonachus tropicalis, which is not included in the Appendices.
105316	CITES	Appendix I	Appendix I:Except Neomonachus tropicalis, which is not included in the Appendices.
105317	CITES	Appendix I	Appendix I: Originally listed as Balaenoptera edeni, from which Balaenoptera ricei was split in 2026, following taxonomic changes adopted at CoP20.
105331	CITES	Appendix I	
105421	CITES	Appendix I	Appendix I: Originally listed as Aloe compressa var. rugosquamosa, which was subject to a nomenclature change in 2026, following taxonomic changes adopted at CoP20.
